Tanggal;Lokasi_SPKU;PM_10;PM_25;SO2;CO;O3;NO2;Max;Kategori;Critical;Stasiun;Latitude;Longitude
01/01/2022;DKI4;57;85;48;13;34;18;85;SEDANG;PM2,5;Lubang Buaya;-6.2907;106.9035
31/01/2022;DKI4;72;119;58;44;53;44;119;TIDAK SEHAT;PM2,5;Lubang Buaya;-6.2907;106.9035
30/01/2022;DKI4;75;129;53;25;59;50;129;TIDAK SEHAT;PM2,5;Lubang Buaya;-6.2907;106.9035
29/01/2022;DKI4;65;120;52;30;52;46;120;TIDAK SEHAT;PM2,5;Lubang Buaya;-6.2907;106.9035
28/01/2022;DKI3;63;84;52;12;60;28;84;SEDANG;PM2,5;Jagakarsa;-6.3346;106.8232
27/01/2022;DKI3;58;75;47;14;48;25;75;SEDANG;PM2,5;Jagakarsa;-6.3346;106.8232
26/01/2022;DKI2;38;56;45;14;57;24;57;SEDANG;O3;Kelapa Gading;-6.1589;106.905
25/01/2022;DKI3;41;58;46;9;51;19;58;SEDANG;PM2,5;Jagakarsa;-6.3346;106.8232
24/01/2022;DKI3;57;74;48;11;58;18;74;SEDANG;PM2,5;Jagakarsa;-6.3346;106.8232
23/01/2022;DKI3;57;73;50;11;35;15;73;SEDANG;PM2,5;Jagakarsa;-6.3346;106.8232
22/01/2022;DKI4;52;73;51;12;39;20;73;SEDANG;PM2,5;Lubang Buaya;-6.2907;106.9035
21/01/2022;DKI3;40;57;51;15;51;23;57;SEDANG;PM2,5;Jagakarsa;-6.3346;106.8232
20/01/2022;DKI2;40;57;55;14;68;24;68;SEDANG;O3;Kelapa Gading;-6.1589;106.905
19/01/2022;DKI2;45;61;45;15;69;22;69;SEDANG;O3;Kelapa Gading;-6.1589;106.905
18/01/2022;DKI4;54;67;47;14;59;33;67;SEDANG;PM2,5;Lubang Buaya;-6.2907;106.9035
17/01/2022;DKI4;67;93;44;19;63;28;93;SEDANG;PM2,5;Lubang Buaya;-6.2907;106.9035
16/01/2022;DKI5;67;102;47;20;65;32;102;TIDAK SEHAT;PM2,5;Kebon Jeruk;-6.1919;106.7618
15/01/2022;DKI3;55;69;51;15;68;29;69;SEDANG;PM2,5;Jagakarsa;-6.3346;106.8232
14/01/2022;DKI2;46;63;48;15;63;32;63;SEDANG;PM2,5;Kelapa Gading;-6.1589;106.905
13/01/2022;DKI2;38;62;52;15;63;32;63;SEDANG;O3;Kelapa Gading;-6.1589;106.905
12/01/2022;DKI4;46;59;51;15;38;29;59;SEDANG;PM2,5;Lubang Buaya;-6.2907;106.9035
11/01/2022;DKI3;46;60;53;12;37;28;60;SEDANG;PM2,5;Jagakarsa;-6.3346;106.8232
10/01/2022;DKI3;60;87;51;13;36;26;87;SEDANG;PM2,5;Jagakarsa;-6.3346;106.8232
09/01/2022;DKI3;56;82;52;14;39;27;82;SEDANG;PM2,5;Jagakarsa;-6.3346;106.8232
08/01/2022;DKI4;55;77;52;17;41;29;77;SEDANG;PM2,5;Lubang Buaya;-6.2907;106.9035
07/01/2022;DKI4;71;113;48;22;38;41;113;TIDAK SEHAT;PM2,5;Lubang Buaya;-6.2907;106.9035
06/01/2022;DKI4;73;117;53;16;48;42;117;TIDAK SEHAT;PM2,5;Lubang Buaya;-6.2907;106.9035
05/01/2022;DKI4;95;165;53;18;55;32;165;TIDAK SEHAT;PM2,5;Lubang Buaya;-6.2907;106.9035
04/01/2022;DKI4;59;102;51;14;51;26;102;TIDAK SEHAT;PM2,5;Lubang Buaya;-6.2907;106.9035
03/01/2022;DKI4;49;80;49;13;37;21;80;SEDANG;PM2,5;Lubang Buaya;-6.2907;106.9035
02/01/2022;DKI4;40;70;45;10;36;11;70;SEDANG;PM2,5;Lubang Buaya;-6.2907;106.9035
01/02/2022;DKI3;64;89;52;13;76;21;89;SEDANG;PM2,5;Jagakarsa;-6.3346;106.8232
28/02/2022;DKI5;27;50;40;12;30;11;50;BAIK;PM2,5;Kebon Jeruk;-6.1919;106.7618
27/02/2022;DKI4;31;51;39;14;30;12;51;SEDANG;PM2,5;Lubang Buaya;-6.2907;106.9035
26/02/2022;DKI4;40;60;39;15;28;16;60;SEDANG;PM2,5;Lubang Buaya;-6.2907;106.9035
25/02/2022;DKI3;50;59;40;15;28;17;59;SEDANG;PM2,5;Jagakarsa;-6.3346;106.8232
24/02/2022;DKI4;45;71;41;14;38;21;71;SEDANG;PM2,5;Lubang Buaya;-6.2907;106.9035
23/02/2022;DKI4;55;87;49;16;43;38;87;SEDANG;PM2,5;Lubang Buaya;-6.2907;106.9035
22/02/2022;DKI4;54;92;42;13;56;35;92;SEDANG;PM2,5;Lubang Buaya;-6.2907;106.9035
21/02/2022;DKI5;54;86;41;21;50;35;86;SEDANG;PM2,5;Kebon Jeruk;-6.1919;106.7618
20/02/2022;DKI4;70;115;47;26;62;36;115;TIDAK SEHAT;PM2,5;Lubang Buaya;-6.2907;106.9035
19/02/2022;DKI4;67;108;44;23;69;37;108;TIDAK SEHAT;PM2,5;Lubang Buaya;-6.2907;106.9035
18/02/2022;DKI4;65;118;47;18;67;30;118;TIDAK SEHAT;PM2,5;Lubang Buaya;-6.2907;106.9035
17/02/2022;DKI2;53;74;45;19;86;29;86;SEDANG;O3;Kelapa Gading;-6.1589;106.905
16/02/2022;DKI5;66;110;48;24;62;33;110;TIDAK SEHAT;PM2,5;Kebon Jeruk;-6.1919;106.7618
15/02/2022;DKI3;74;119;52;33;61;38;119;TIDAK SEHAT;PM2,5;Jagakarsa;-6.3346;106.8232
14/02/2022;DKI4;66;109;51;29;49;39;109;TIDAK SEHAT;PM2,5;Lubang Buaya;-6.2907;106.9035
13/02/2022;DKI3;70;98;41;19;55;29;98;SEDANG;PM2,5;Jagakarsa;-6.3346;106.8232
12/02/2022;DKI5;52;68;42;14;55;29;68;SEDANG;PM2,5;Kebon Jeruk;-6.1919;106.7618
11/02/2022;DKI5;62;95;48;20;48;33;95;SEDANG;PM2,5;Kebon Jeruk;-6.1919;106.7618
10/02/2022;DKI2;24;47;41;12;49;23;49;BAIK;O3;Kelapa Gading;-6.1589;106.905
09/02/2022;DKI4;64;101;39;36;55;45;101;TIDAK SEHAT;PM2,5;Lubang Buaya;-6.2907;106.9035
08/02/2022;DKI4;58;109;39;18;60;31;109;TIDAK SEHAT;PM2,5;Lubang Buaya;-6.2907;106.9035
07/02/2022;DKI2;40;60;48;13;67;22;67;SEDANG;O3;Kelapa Gading;-6.1589;106.905
06/02/2022;DKI1;39;51;58;15;57;21;58;SEDANG;SO2;Bundaran HI;-6.1951;106.823
05/02/2022;DKI5;43;62;53;18;55;30;62;SEDANG;PM2,5;Kebon Jeruk;-6.1919;106.7618
04/02/2022;DKI3;54;72;46;12;68;27;72;SEDANG;PM2,5;Jagakarsa;-6.3346;106.8232
03/02/2022;DKI4;58;99;48;20;65;33;99;SEDANG;PM2,5;Lubang Buaya;-6.2907;106.9035
02/02/2022;DKI4;66;101;47;22;64;26;101;TIDAK SEHAT;PM2,5;Lubang Buaya;-6.2907;106.9035
01/03/2022;DKI5;27;50;44;11;17;12;50;BAIK;PM2,5;Kebon Jeruk;-6.1919;106.7618
31/03/2022;DKI4;95;160;49;34;137;34;160;TIDAK SEHAT;PM2,5;Lubang Buaya;-6.2907;106.9035
30/03/2022;DKI4;75;119;42;20;109;35;119;TIDAK SEHAT;PM2,5;Lubang Buaya;-6.2907;106.9035
29/03/2022;DKI4;61;117;44;17;52;31;117;TIDAK SEHAT;PM2,5;Lubang Buaya;-6.2907;106.9035
28/03/2022;DKI5;49;62;40;12;59;28;62;SEDANG;PM2,5;Kebon Jeruk;-6.1919;106.7618
27/03/2022;DKI5;84;126;46;49;42;51;126;TIDAK SEHAT;PM2,5;Kebon Jeruk;-6.1919;106.7618
26/03/2022;DKI4;67;92;43;17;49;29;92;SEDANG;PM2,5;Lubang Buaya;-6.2907;106.9035
25/03/2022;DKI5;90;122;51;19;70;29;122;TIDAK SEHAT;PM2,5;Kebon Jeruk;-6.1919;106.7618
24/03/2022;DKI4;43;65;43;15;40;22;65;SEDANG;PM2,5;Lubang Buaya;-6.2907;106.9035
23/03/2022;DKI5;46;61;41;16;34;19;61;SEDANG;PM2,5;Kebon Jeruk;-6.1919;106.7618
22/03/2022;DKI3;50;63;38;12;35;17;63;SEDANG;PM2,5;Jagakarsa;-6.3346;106.8232
21/03/2022;DKI4;38;53;38;10;34;8;53;SEDANG;PM2,5;Lubang Buaya;-6.2907;106.9035
20/03/2022;DKI4;55;71;39;13;34;14;71;SEDANG;PM2,5;Lubang Buaya;-6.2907;106.9035
19/03/2022;DKI4;46;73;40;15;48;20;73;SEDANG;PM2,5;Lubang Buaya;-6.2907;106.9035
18/03/2022;DKI4;67;111;40;23;69;32;111;TIDAK SEHAT;PM2,5;Lubang Buaya;-6.2907;106.9035
17/03/2022;DKI4;77;141;40;23;77;28;141;TIDAK SEHAT;PM2,5;Lubang Buaya;-6.2907;106.9035
16/03/2022;DKI4;51;76;41;21;53;25;76;SEDANG;PM2,5;Lubang Buaya;-6.2907;106.9035
15/03/2022;DKI4;56;97;41;22;54;28;97;SEDANG;PM2,5;Lubang Buaya;-6.2907;106.9035
14/03/2022;DKI4;60;109;39;25;80;31;109;TIDAK SEHAT;PM2,5;Lubang Buaya;-6.2907;106.9035
13/03/2022;DKI5;46;65;43;18;36;20;65;SEDANG;PM2,5;Kebon Jeruk;-6.1919;106.7618
12/03/2022;DKI4;50;59;39;13;41;21;59;SEDANG;PM2,5;Lubang Buaya;-6.2907;106.9035
11/03/2022;DKI4;77;107;46;23;52;52;107;TIDAK SEHAT;PM2,5;Lubang Buaya;-6.2907;106.9035
10/03/2022;DKI4;60;112;42;24;79;40;112;TIDAK SEHAT;PM2,5;Lubang Buaya;-6.2907;106.9035
09/03/2022;DKI4;50;75;40;20;58;28;75;SEDANG;PM2,5;Lubang Buaya;-6.2907;106.9035
08/03/2022;DKI4;55;102;40;15;45;25;102;TIDAK SEHAT;PM2,5;Lubang Buaya;-6.2907;106.9035
07/03/2022;DKI4;29;53;37;13;37;13;53;SEDANG;PM2,5;Lubang Buaya;-6.2907;106.9035
06/03/2022;DKI4;53;90;38;21;28;18;90;SEDANG;PM2,5;Lubang Buaya;-6.2907;106.9035
05/03/2022;DKI4;48;68;40;17;36;22;68;SEDANG;PM2,5;Lubang Buaya;-6.2907;106.9035
04/03/2022;DKI4;32;53;41;13;45;20;53;SEDANG;PM2,5;Lubang Buaya;-6.2907;106.9035
03/03/2022;DKI4;30;55;43;12;35;18;55;SEDANG;PM2,5;Lubang Buaya;-6.2907;106.9035
02/03/2022;DKI2;32;51;46;15;24;15;51;SEDANG;PM2,5;Kelapa Gading;-6.1589;106.905
01/04/2022;DKI4;74;114;47;19;76;38;114;TIDAK SEHAT;PM2,5;Lubang Buaya;-6.2907;106.9035
30/04/2022;DKI2;39;53;38;16;17;6;53;SEDANG;PM2,5;Kelapa Gading;-6.1589;106.905
29/04/2022;DKI4;35;60;40;10;46;16;60;SEDANG;PM2,5;Lubang Buaya;-6.2907;106.9035
28/04/2022;DKI4;42;83;41;12;59;20;83;SEDANG;PM2,5;Lubang Buaya;-6.2907;106.9035
27/04/2022;DKI4;47;91;44;13;45;26;91;SEDANG;PM2,5;Lubang Buaya;-6.2907;106.9035
26/04/2022;DKI4;59;82;41;13;70;29;82;SEDANG;PM2,5;Lubang Buaya;-6.2907;106.9035
25/04/2022;DKI4;60;118;44;14;99;28;118;TIDAK SEHAT;PM2,5;Lubang Buaya;-6.2907;106.9035
24/04/2022;DKI4;63;114;41;24;82;30;114;TIDAK SEHAT;PM2,5;Lubang Buaya;-6.2907;106.9035
23/04/2022;DKI4;60;108;42;30;52;43;108;TIDAK SEHAT;PM2,5;Lubang Buaya;-6.2907;106.9035
22/04/2022;DKI4;83;128;49;25;52;42;128;TIDAK SEHAT;PM2,5;Lubang Buaya;-6.2907;106.9035
21/04/2022;DKI5;46;56;41;15;43;24;56;SEDANG;PM2,5;Kebon Jeruk;-6.1919;106.7618
20/04/2022;DKI4;61;105;42;18;69;34;105;TIDAK SEHAT;PM2,5;Lubang Buaya;-6.2907;106.9035
19/04/2022;DKI2;52;78;41;13;84;29;84;SEDANG;O3;Kelapa Gading;-6.1589;106.905
18/04/2022;DKI4;73;135;40;13;88;14;135;TIDAK SEHAT;PM2,5;Lubang Buaya;-6.2907;106.9035
17/04/2022;DKI4;76;148;52;21;93;24;148;TIDAK SEHAT;PM2,5;Lubang Buaya;-6.2907;106.9035
16/04/2022;DKI4;63;119;46;16;91;21;119;TIDAK SEHAT;PM2,5;Lubang Buaya;-6.2907;106.9035
15/04/2022;DKI4;61;102;41;15;81;28;102;TIDAK SEHAT;PM2,5;Lubang Buaya;-6.2907;106.9035
14/04/2022;DKI2;66;104;44;14;111;25;111;TIDAK SEHAT;O3;Kelapa Gading;-6.1589;106.905
13/04/2022;DKI2;78;116;42;21;118;40;118;TIDAK SEHAT;O3;Kelapa Gading;-6.1589;106.905
12/04/2022;DKI4;71;107;52;22;78;43;107;TIDAK SEHAT;PM2,5;Lubang Buaya;-6.2907;106.9035
11/04/2022;DKI4;63;98;44;17;95;31;98;SEDANG;PM2,5;Lubang Buaya;-6.2907;106.9035
10/04/2022;DKI4;82;164;46;27;80;38;164;TIDAK SEHAT;PM2,5;Lubang Buaya;-6.2907;106.9035
09/04/2022;DKI4;50;76;42;21;59;28;76;SEDANG;PM2,5;Lubang Buaya;-6.2907;106.9035
08/04/2022;DKI4;52;81;40;17;50;29;81;SEDANG;PM2,5;Lubang Buaya;-6.2907;106.9035
07/04/2022;DKI4;58;90;42;22;62;35;90;SEDANG;PM2,5;Lubang Buaya;-6.2907;106.9035
06/04/2022;DKI4;54;87;40;20;57;32;87;SEDANG;PM2,5;Lubang Buaya;-6.2907;106.9035
05/04/2022;DKI4;73;92;53;19;73;43;92;SEDANG;PM2,5;Lubang Buaya;-6.2907;106.9035
04/04/2022;DKI4;49;71;43;23;69;27;71;SEDANG;PM2,5;Lubang Buaya;-6.2907;106.9035
03/04/2022;DKI4;51;74;39;14;40;17;74;SEDANG;PM2,5;Lubang Buaya;-6.2907;106.9035
02/04/2022;DKI4;61;99;42;18;70;28;99;SEDANG;PM2,5;Lubang Buaya;-6.2907;106.9035
01/05/2022;DKI4;66;126;48;24;61;26;126;TIDAK SEHAT;PM2,5;Lubang Buaya;-6.2907;106.9035
30/05/2022;DKI4;51;89;45;17;58;31;89;SEDANG;PM2,5;Lubang Buaya;-6.2907;106.9035
29/05/2022;DKI4;64;107;43;23;65;40;107;TIDAK SEHAT;PM2,5;Lubang Buaya;-6.2907;106.9035
28/05/2022;DKI3;57;105;43;17;82;33;105;TIDAK SEHAT;PM2,5;Jagakarsa;-6.3346;106.8232
27/05/2022;DKI4;79;146;52;25;76;35;146;TIDAK SEHAT;PM2,5;Lubang Buaya;-6.2907;106.9035
26/05/2022;DKI4;57;93;45;15;52;26;93;SEDANG;PM2,5;Lubang Buaya;-6.2907;106.9035
25/05/2022;DKI4;74;121;48;16;58;27;121;TIDAK SEHAT;PM2,5;Lubang Buaya;-6.2907;106.9035
24/05/2022;DKI4;58;98;46;11;54;21;98;SEDANG;PM2,5;Lubang Buaya;-6.2907;106.9035
23/05/2022;DKI4;68;123;47;17;53;24;123;TIDAK SEHAT;PM2,5;Lubang Buaya;-6.2907;106.9035
22/05/2022;DKI4;58;110;44;17;55;25;110;TIDAK SEHAT;PM2,5;Lubang Buaya;-6.2907;106.9035
21/05/2022;DKI4;58;82;44;20;58;32;82;SEDANG;PM2,5;Lubang Buaya;-6.2907;106.9035
20/05/2022;DKI4;70;128;43;24;71;43;128;TIDAK SEHAT;PM2,5;Lubang Buaya;-6.2907;106.9035
19/05/2022;DKI4;75;136;43;28;64;46;136;TIDAK SEHAT;PM2,5;Lubang Buaya;-6.2907;106.9035
18/05/2022;DKI4;62;99;42;15;89;24;99;SEDANG;PM2,5;Lubang Buaya;-6.2907;106.9035
17/05/2022;DKI4;66;128;42;22;77;31;128;TIDAK SEHAT;PM2,5;Lubang Buaya;-6.2907;106.9035
16/05/2022;DKI4;58;100;42;22;81;31;100;SEDANG;PM2,5;Lubang Buaya;-6.2907;106.9035
15/05/2022;DKI4;77;126;42;19;87;23;126;TIDAK SEHAT;PM2,5;Lubang Buaya;-6.2907;106.9035
14/05/2022;DKI4;57;101;44;14;72;30;101;TIDAK SEHAT;PM2,5;Lubang Buaya;-6.2907;106.9035
13/05/2022;DKI2;34;55;44;8;65;20;65;SEDANG;O3;Kelapa Gading;-6.1589;106.905
12/05/2022;DKI3;61;85;54;13;63;25;85;SEDANG;PM2,5;Jagakarsa;-6.3346;106.8232
11/05/2022;DKI2;54;75;41;12;81;26;81;SEDANG;O3;Kelapa Gading;-6.1589;106.905
10/05/2022;DKI4;54;86;50;17;74;28;86;SEDANG;PM2,5;Lubang Buaya;-6.2907;106.9035
09/05/2022;DKI4;58;95;44;12;73;24;95;SEDANG;PM2,5;Lubang Buaya;-6.2907;106.9035
08/05/2022;DKI4;63;98;42;19;76;21;98;SEDANG;PM2,5;Lubang Buaya;-6.2907;106.9035
07/05/2022;DKI4;56;92;41;12;82;13;92;SEDANG;PM2,5;Lubang Buaya;-6.2907;106.9035
06/05/2022;DKI4;39;73;42;10;58;12;73;SEDANG;PM2,5;Lubang Buaya;-6.2907;106.9035
05/05/2022;DKI4;53;102;41;13;72;20;102;TIDAK SEHAT;PM2,5;Lubang Buaya;-6.2907;106.9035
04/05/2022;DKI4;51;85;41;11;77;18;85;SEDANG;PM2,5;Lubang Buaya;-6.2907;106.9035
03/05/2022;DKI2;36;58;40;13;58;23;58;SEDANG;PM2,5;Kelapa Gading;-6.1589;106.905
02/05/2022;DKI4;58;90;41;16;82;17;90;SEDANG;PM2,5;Lubang Buaya;-6.2907;106.9035
01/06/2022;DKI5;53;77;43;18;55;27;77;SEDANG;PM2,5;Kebon Jeruk;-6.1919;106.7618
30/06/2022;DKI4;68;117;48;13;84;26;117;TIDAK SEHAT;PM2,5;Lubang Buaya;-6.2907;106.9035
29/06/2022;DKI4;59;79;46;14;72;32;79;SEDANG;PM2,5;Lubang Buaya;-6.2907;106.9035
28/06/2022;DKI2;57;82;46;16;82;29;82;SEDANG;PM2,5;Kelapa Gading;-6.1589;106.905
27/06/2022;DKI4;74;102;45;22;76;33;102;TIDAK SEHAT;PM2,5;Lubang Buaya;-6.2907;106.9035
26/06/2022;DKI4;68;106;45;22;69;36;106;TIDAK SEHAT;PM2,5;Lubang Buaya;-6.2907;106.9035
25/06/2022;DKI4;82;131;46;23;60;31;131;TIDAK SEHAT;PM2,5;Lubang Buaya;-6.2907;106.9035
24/06/2022;DKI4;85;123;46;22;77;38;123;TIDAK SEHAT;PM2,5;Lubang Buaya;-6.2907;106.9035
23/06/2022;DKI4;82;119;46;19;68;32;119;TIDAK SEHAT;PM2,5;Lubang Buaya;-6.2907;106.9035
22/06/2022;DKI4;71;123;47;17;72;27;123;TIDAK SEHAT;PM2,5;Lubang Buaya;-6.2907;106.9035
21/06/2022;DKI4;79;114;47;18;70;32;114;TIDAK SEHAT;PM2,5;Lubang Buaya;-6.2907;106.9035
20/06/2022;DKI4;78;131;45;17;99;27;131;TIDAK SEHAT;PM2,5;Lubang Buaya;-6.2907;106.9035
19/06/2022;DKI4;73;118;47;23;82;37;118;TIDAK SEHAT;PM2,5;Lubang Buaya;-6.2907;106.9035
18/06/2022;DKI4;75;117;45;30;58;42;117;TIDAK SEHAT;PM2,5;Lubang Buaya;-6.2907;106.9035
17/06/2022;DKI4;85;130;45;25;50;37;130;TIDAK SEHAT;PM2,5;Lubang Buaya;-6.2907;106.9035
16/06/2022;DKI4;79;146;46;32;50;45;146;TIDAK SEHAT;PM2,5;Lubang Buaya;-6.2907;106.9035
15/06/2022;DKI4;80;141;45;25;44;43;141;TIDAK SEHAT;PM2,5;Lubang Buaya;-6.2907;106.9035
14/06/2022;DKI4;75;112;49;27;52;50;112;TIDAK SEHAT;PM2,5;Lubang Buaya;-6.2907;106.9035
13/06/2022;DKI4;61;97;46;22;71;38;97;SEDANG;PM2,5;Lubang Buaya;-6.2907;106.9035
12/06/2022;DKI4;61;112;45;22;71;33;112;TIDAK SEHAT;PM2,5;Lubang Buaya;-6.2907;106.9035
11/06/2022;DKI4;58;92;45;15;67;28;92;SEDANG;PM2,5;Lubang Buaya;-6.2907;106.9035
10/06/2022;DKI4;56;82;44;26;49;36;82;SEDANG;PM2,5;Lubang Buaya;-6.2907;106.9035
09/06/2022;DKI4;65;97;51;27;34;46;97;SEDANG;PM2,5;Lubang Buaya;-6.2907;106.9035
08/06/2022;DKI4;65;110;44;18;54;25;110;TIDAK SEHAT;PM2,5;Lubang Buaya;-6.2907;106.9035
07/06/2022;DKI4;61;76;44;18;50;32;76;SEDANG;PM2,5;Lubang Buaya;-6.2907;106.9035
06/06/2022;DKI4;64;111;44;21;62;35;111;TIDAK SEHAT;PM2,5;Lubang Buaya;-6.2907;106.9035
05/06/2022;DKI4;62;116;45;15;87;27;116;TIDAK SEHAT;PM2,5;Lubang Buaya;-6.2907;106.9035
04/06/2022;DKI4;78;136;44;26;92;51;136;TIDAK SEHAT;PM2,5;Lubang Buaya;-6.2907;106.9035
03/06/2022;DKI2;51;68;44;20;72;36;72;SEDANG;O3;Kelapa Gading;-6.1589;106.905
02/06/2022;DKI4;56;100;44;15;76;33;100;SEDANG;PM2,5;Lubang Buaya;-6.2907;106.9035
01/07/2022;DKI4;73;111;49;15;87;31;111;TIDAK SEHAT;PM2,5;Lubang Buaya;-6.2907;106.9035
31/07/2022;DKI4;80;143;49;17;115;27;143;TIDAK SEHAT;PM2,5;Lubang Buaya;-6.2907;106.9035
30/07/2022;DKI4;66;118;49;15;95;22;118;TIDAK SEHAT;PM2,5;Lubang Buaya;-6.2907;106.9035
29/07/2022;DKI4;74;123;50;12;86;22;123;TIDAK SEHAT;PM2,5;Lubang Buaya;-6.2907;106.9035
28/07/2022;DKI4;82;132;50;16;90;30;132;TIDAK SEHAT;PM2,5;Lubang Buaya;-6.2907;106.9035
27/07/2022;DKI2;70;116;50;14;118;24;118;TIDAK SEHAT;O3;Kelapa Gading;-6.1589;106.905
26/07/2022;DKI4;67;110;49;16;85;20;110;TIDAK SEHAT;PM2,5;Lubang Buaya;-6.2907;106.9035
25/07/2022;DKI2;56;87;46;16;91;24;91;SEDANG;O3;Kelapa Gading;-6.1589;106.905
24/07/2022;DKI2;54;82;47;14;94;21;94;SEDANG;O3;Kelapa Gading;-6.1589;106.905
23/07/2022;DKI4;61;99;50;14;67;19;99;SEDANG;PM2,5;Lubang Buaya;-6.2907;106.9035
22/07/2022;DKI4;74;121;50;17;96;25;121;TIDAK SEHAT;PM2,5;Lubang Buaya;-6.2907;106.9035
21/07/2022;DKI2;75;110;50;15;114;28;114;TIDAK SEHAT;O3;Kelapa Gading;-6.1589;106.905
20/07/2022;DKI4;76;124;49;18;94;26;124;TIDAK SEHAT;PM2,5;Lubang Buaya;-6.2907;106.9035
19/07/2022;DKI4;75;114;50;15;98;25;114;TIDAK SEHAT;PM2,5;Lubang Buaya;-6.2907;106.9035
18/07/2022;DKI4;75;143;48;30;84;36;143;TIDAK SEHAT;PM2,5;Lubang Buaya;-6.2907;106.9035
17/07/2022;DKI4;59;89;48;28;51;36;89;SEDANG;PM2,5;Lubang Buaya;-6.2907;106.9035
16/07/2022;DKI4;36;59;46;15;48;31;59;SEDANG;PM2,5;Lubang Buaya;-6.2907;106.9035
15/07/2022;DKI4;58;86;49;12;65;18;86;SEDANG;PM2,5;Lubang Buaya;-6.2907;106.9035
14/07/2022;DKI4;85;125;47;25;57;33;125;TIDAK SEHAT;PM2,5;Lubang Buaya;-6.2907;106.9035
13/07/2022;DKI4;69;114;48;16;65;29;114;TIDAK SEHAT;PM2,5;Lubang Buaya;-6.2907;106.9035
12/07/2022;DKI4;77;123;49;17;84;28;123;TIDAK SEHAT;PM2,5;Lubang Buaya;-6.2907;106.9035
11/07/2022;DKI4;66;112;47;15;84;29;112;TIDAK SEHAT;PM2,5;Lubang Buaya;-6.2907;106.9035
10/07/2022;DKI4;63;93;47;13;84;19;93;SEDANG;PM2,5;Lubang Buaya;-6.2907;106.9035
09/07/2022;DKI2;61;93;48;13;107;25;107;TIDAK SEHAT;O3;Kelapa Gading;-6.1589;106.905
08/07/2022;DKI2;55;80;48;17;95;25;95;SEDANG;O3;Kelapa Gading;-6.1589;106.905
07/07/2022;DKI3;94;135;46;29;74;44;135;TIDAK SEHAT;PM2,5;Jagakarsa;-6.3346;106.8232
06/07/2022;DKI4;75;129;45;25;71;26;129;TIDAK SEHAT;PM2,5;Lubang Buaya;-6.2907;106.9035
05/07/2022;DKI4;66;110;47;16;61;23;110;TIDAK SEHAT;PM2,5;Lubang Buaya;-6.2907;106.9035
04/07/2022;DKI4;56;78;49;11;60;13;78;SEDANG;PM2,5;Lubang Buaya;-6.2907;106.9035
03/07/2022;DKI2;78;126;48;17;126;25;126;TIDAK SEHAT;PM2,5;Kelapa Gading;-6.1589;106.905
02/07/2022;DKI4;81;137;47;18;106;29;137;TIDAK SEHAT;PM2,5;Lubang Buaya;-6.2907;106.9035
01/08/2022;DKI4;68;109;50;12;91;19;109;TIDAK SEHAT;PM2,5;Lubang Buaya;-6.2907;106.9035
31/08/2022;DKI4;85;148;51;25;74;37;148;TIDAK SEHAT;PM2,5;Lubang Buaya;-6.2907;106.9035
30/08/2022;DKI4;59;84;50;15;56;29;84;SEDANG;PM2,5;Lubang Buaya;-6.2907;106.9035
29/08/2022;DKI4;58;82;49;16;55;29;82;SEDANG;PM2,5;Lubang Buaya;-6.2907;106.9035
28/08/2022;DKI5;64;85;49;17;56;30;85;SEDANG;PM2,5;Kebon Jeruk;-6.1919;106.7618
27/08/2022;DKI4;80;130;50;25;57;37;130;TIDAK SEHAT;PM2,5;Lubang Buaya;-6.2907;106.9035
26/08/2022;DKI4;76;119;53;19;53;31;119;TIDAK SEHAT;PM2,5;Lubang Buaya;-6.2907;106.9035
25/08/2022;DKI4;64;98;50;12;66;19;98;SEDANG;PM2,5;Lubang Buaya;-6.2907;106.9035
24/08/2022;DKI4;71;119;50;15;82;20;119;TIDAK SEHAT;PM2,5;Lubang Buaya;-6.2907;106.9035
23/08/2022;DKI4;76;116;49;17;81;27;116;TIDAK SEHAT;PM2,5;Lubang Buaya;-6.2907;106.9035
22/08/2022;DKI2;57;78;49;13;79;22;79;SEDANG;O3;Kelapa Gading;-6.1589;106.905
21/08/2022;DKI4;59;101;49;13;65;17;101;TIDAK SEHAT;PM2,5;Lubang Buaya;-6.2907;106.9035
20/08/2022;DKI4;76;117;50;14;69;18;117;TIDAK SEHAT;PM2,5;Lubang Buaya;-6.2907;106.9035
19/08/2022;DKI4;70;105;49;14;66;26;105;TIDAK SEHAT;PM2,5;Lubang Buaya;-6.2907;106.9035
18/08/2022;DKI4;64;89;49;25;84;28;89;SEDANG;PM2,5;Lubang Buaya;-6.2907;106.9035
17/08/2022;DKI2;55;78;48;17;108;25;108;TIDAK SEHAT;O3;Kelapa Gading;-6.1589;106.905
16/08/2022;DKI2;61;89;51;15;181;33;181;TIDAK SEHAT;O3;Kelapa Gading;-6.1589;106.905
15/08/2022;DKI4;64;84;50;17;63;28;84;SEDANG;PM2,5;Lubang Buaya;-6.2907;106.9035
14/08/2022;DKI4;68;93;50;14;80;20;93;SEDANG;PM2,5;Lubang Buaya;-6.2907;106.9035
13/08/2022;DKI5;58;77;48;21;76;36;77;SEDANG;PM2,5;Kebon Jeruk;-6.1919;106.7618
12/08/2022;DKI2;65;94;49;17;97;25;97;SEDANG;O3;Kelapa Gading;-6.1589;106.905
11/08/2022;DKI4;74;107;52;19;80;27;107;TIDAK SEHAT;PM2,5;Lubang Buaya;-6.2907;106.9035
10/08/2022;DKI4;73;116;49;19;82;29;116;TIDAK SEHAT;PM2,5;Lubang Buaya;-6.2907;106.9035
09/08/2022;DKI2;61;88;50;14;103;21;103;TIDAK SEHAT;O3;Kelapa Gading;-6.1589;106.905
08/08/2022;DKI2;60;84;48;18;97;27;97;SEDANG;O3;Kelapa Gading;-6.1589;106.905
07/08/2022;DKI4;76;119;50;18;114;29;119;TIDAK SEHAT;PM2,5;Lubang Buaya;-6.2907;106.9035
06/08/2022;DKI4;69;101;49;19;87;29;101;TIDAK SEHAT;PM2,5;Lubang Buaya;-6.2907;106.9035
05/08/2022;DKI4;60;82;47;17;79;26;82;SEDANG;PM2,5;Lubang Buaya;-6.2907;106.9035
04/08/2022;DKI4;69;99;48;15;82;20;99;SEDANG;PM2,5;Lubang Buaya;-6.2907;106.9035
03/08/2022;DKI4;82;141;51;19;129;24;141;TIDAK SEHAT;PM2,5;Lubang Buaya;-6.2907;106.9035
02/08/2022;DKI4;67;113;50;15;84;28;113;TIDAK SEHAT;PM2,5;Lubang Buaya;-6.2907;106.9035
01/09/2022;DKI4;83;130;51;15;42;25;130;TIDAK SEHAT;PM2,5;Lubang Buaya;-6.2907;106.9035
30/09/2022;DKI4;71;103;51;14;45;23;103;TIDAK SEHAT;PM2,5;Lubang Buaya;-6.2907;106.9035
29/09/2022;DKI4;62;100;51;14;50;21;100;SEDANG;PM2,5;Lubang Buaya;-6.2907;106.9035
28/09/2022;DKI4;62;92;51;13;55;24;92;SEDANG;PM2,5;Lubang Buaya;-6.2907;106.9035
27/09/2022;DKI4;63;86;51;14;58;26;86;SEDANG;PM2,5;Lubang Buaya;-6.2907;106.9035
26/09/2022;DKI5;57;79;51;14;56;26;79;SEDANG;PM2,5;Kebon Jeruk;-6.1919;106.7618
25/09/2022;DKI4;58;94;50;14;48;25;94;SEDANG;PM2,5;Lubang Buaya;-6.2907;106.9035
24/09/2022;DKI4;57;83;50;17;39;33;83;SEDANG;PM2,5;Lubang Buaya;-6.2907;106.9035
23/09/2022;DKI2;73;97;50;24;50;45;97;SEDANG;PM2,5;Kelapa Gading;-6.1589;106.905
22/09/2022;DKI5;63;90;50;16;37;24;90;SEDANG;PM2,5;Kebon Jeruk;-6.1919;106.7618
21/09/2022;DKI4;69;112;50;17;42;32;112;TIDAK SEHAT;PM2,5;Lubang Buaya;-6.2907;106.9035
20/09/2022;DKI4;66;110;51;21;37;41;110;TIDAK SEHAT;PM2,5;Lubang Buaya;-6.2907;106.9035
19/09/2022;DKI4;70;113;51;17;46;28;113;TIDAK SEHAT;PM2,5;Lubang Buaya;-6.2907;106.9035
18/09/2022;DKI4;72;113;51;21;43;33;113;TIDAK SEHAT;PM2,5;Lubang Buaya;-6.2907;106.9035
17/09/2022;DKI4;70;103;51;19;49;35;103;TIDAK SEHAT;PM2,5;Lubang Buaya;-6.2907;106.9035
16/09/2022;DKI4;62;100;51;18;52;33;100;SEDANG;PM2,5;Lubang Buaya;-6.2907;106.9035
15/09/2022;DKI4;78;117;51;26;34;39;117;TIDAK SEHAT;PM2,5;Lubang Buaya;-6.2907;106.9035
14/09/2022;DKI4;67;113;53;18;42;38;113;TIDAK SEHAT;PM2,5;Lubang Buaya;-6.2907;106.9035
13/09/2022;DKI1;59;81;52;18;45;32;81;SEDANG;PM2,5;Bundaran HI;-6.1951;106.823
12/09/2022;DKI4;53;79;52;18;35;27;79;SEDANG;PM2,5;Lubang Buaya;-6.2907;106.9035
11/09/2022;DKI4;64;88;51;20;37;34;88;SEDANG;PM2,5;Lubang Buaya;-6.2907;106.9035
10/09/2022;DKI4;56;72;48;22;41;39;72;SEDANG;PM2,5;Lubang Buaya;-6.2907;106.9035
09/09/2022;DKI5;71;91;49;28;32;43;91;SEDANG;PM2,5;Kebon Jeruk;-6.1919;106.7618
08/09/2022;DKI4;61;87;48;26;32;45;87;SEDANG;PM2,5;Lubang Buaya;-6.2907;106.9035
07/09/2022;DKI4;55;79;49;15;38;21;79;SEDANG;PM2,5;Lubang Buaya;-6.2907;106.9035
06/09/2022;DKI4;63;86;51;12;43;17;86;SEDANG;PM2,5;Lubang Buaya;-6.2907;106.9035
05/09/2022;DKI4;59;105;51;15;45;23;105;TIDAK SEHAT;PM2,5;Lubang Buaya;-6.2907;106.9035
04/09/2022;DKI4;42;76;50;9;33;14;76;SEDANG;PM2,5;Lubang Buaya;-6.2907;106.9035
03/09/2022;DKI4;64;102;50;18;37;31;102;TIDAK SEHAT;PM2,5;Lubang Buaya;-6.2907;106.9035
02/09/2022;DKI4;71;108;51;21;35;32;108;TIDAK SEHAT;PM2,5;Lubang Buaya;-6.2907;106.9035
26/10/2022;DKI4;39;43;51;11;27;17;51;SEDANG;SO2;Lubang Buaya;-6.2907;106.9035
25/10/2022;DKI2;27;53;51;9;30;19;53;SEDANG;PM2,5;Kelapa Gading;-6.1589;106.905
24/10/2022;DKI4;41;57;50;10;31;18;57;SEDANG;PM2,5;Lubang Buaya;-6.2907;106.9035
23/10/2022;DKI4;52;66;51;11;45;21;66;SEDANG;PM2,5;Lubang Buaya;-6.2907;106.9035
22/10/2022;DKI4;58;82;51;19;39;41;82;SEDANG;PM2,5;Lubang Buaya;-6.2907;106.9035
21/10/2022;DKI4;52;67;50;16;31;27;67;SEDANG;PM2,5;Lubang Buaya;-6.2907;106.9035
20/10/2022;DKI4;67;88;51;28;47;45;88;SEDANG;PM2,5;Lubang Buaya;-6.2907;106.9035
19/10/2022;DKI4;64;92;51;22;42;44;92;SEDANG;PM2,5;Lubang Buaya;-6.2907;106.9035
18/10/2022;DKI1;59;79;50;16;45;35;79;SEDANG;PM2,5;Bundaran HI;-6.1951;106.823
17/10/2022;DKI4;56;85;51;13;54;25;85;SEDANG;PM2,5;Lubang Buaya;-6.2907;106.9035
16/10/2022;DKI4;62;93;51;19;52;36;93;SEDANG;PM2,5;Lubang Buaya;-6.2907;106.9035
15/10/2022;DKI4;55;78;51;13;58;27;78;SEDANG;PM2,5;Lubang Buaya;-6.2907;106.9035
14/10/2022;DKI4;67;94;50;28;47;45;94;SEDANG;PM2,5;Lubang Buaya;-6.2907;106.9035
13/10/2022;DKI4;63;91;52;17;54;36;91;SEDANG;PM2,5;Lubang Buaya;-6.2907;106.9035
12/10/2022;DKI4;70;97;54;27;44;42;97;SEDANG;PM2,5;Lubang Buaya;-6.2907;106.9035
11/10/2022;DKI4;77;126;51;23;59;45;126;TIDAK SEHAT;PM2,5;Lubang Buaya;-6.2907;106.9035
10/10/2022;DKI4;54;74;50;14;38;25;74;SEDANG;PM2,5;Lubang Buaya;-6.2907;106.9035
09/10/2022;DKI4;58;95;50;24;39;35;95;SEDANG;PM2,5;Lubang Buaya;-6.2907;106.9035
08/10/2022;DKI5;35;61;50;17;28;25;61;SEDANG;PM2,5;Kebon Jeruk;-6.1919;106.7618
07/10/2022;DKI1;51;66;53;17;35;34;66;SEDANG;PM2,5;Bundaran HI;-6.1951;106.823
06/10/2022;DKI4;61;89;51;20;39;32;89;SEDANG;PM2,5;Lubang Buaya;-6.2907;106.9035
05/10/2022;DKI4;51;68;50;22;36;42;68;SEDANG;PM2,5;Lubang Buaya;-6.2907;106.9035
04/10/2022;DKI4;67;98;51;15;40;33;98;SEDANG;PM2,5;Lubang Buaya;-6.2907;106.9035
03/10/2022;DKI5;56;76;51;18;38;35;76;SEDANG;PM2,5;Kebon Jeruk;-6.1919;106.7618
02/10/2022;DKI4;54;79;50;12;43;19;79;SEDANG;PM2,5;Lubang Buaya;-6.2907;106.9035
01/10/2022;DKI4;80;128;52;14;39;21;128;TIDAK SEHAT;PM2,5;Lubang Buaya;-6.2907;106.9035
27/10/2022;DKI4;41;66;51;18;35;27;66;SEDANG;PM2,5;Lubang Buaya;-6.2907;106.9035
28/10/2022;DKI4;54;77;51;16;33;32;77;SEDANG;PM2,5;Lubang Buaya;-6.2907;106.9035
29/10/2022;DKI4;53;86;51;15;41;29;86;SEDANG;PM2,5;Lubang Buaya;-6.2907;106.9035
30/10/2022;DKI4;51;87;51;11;49;19;87;SEDANG;PM2,5;Lubang Buaya;-6.2907;106.9035
31/10/2022;DKI4;60;78;51;21;44;22;78;SEDANG;PM2,5;Lubang Buaya;-6.2907;106.9035
01/11/2022;DKI4;49;70;51;10;44;21;70;SEDANG;PM2,5;Lubang Buaya;-6.2907;106.9035
02/11/2022;DKI4;84;144;51;14;54;34;144;TIDAK SEHAT;PM2,5;Lubang Buaya;-6.2907;106.9035
03/11/2022;DKI4;65;89;51;13;49;23;89;SEDANG;PM2,5;Lubang Buaya;-6.2907;106.9035
04/11/2022;DKI4;66;95;52;23;49;42;95;SEDANG;PM2,5;Lubang Buaya;-6.2907;106.9035
05/11/2022;DKI4;62;81;51;22;55;42;81;SEDANG;PM2,5;Lubang Buaya;-6.2907;106.9035
06/11/2022;DKI3;63;90;51;18;38;34;90;SEDANG;PM2,5;Jagakarsa;-6.3346;106.8232
07/11/2022;DKI4;74;104;51;13;48;22;104;TIDAK SEHAT;PM2,5;Lubang Buaya;-6.2907;106.9035
08/11/2022;DKI3;66;101;53;30;36;50;101;TIDAK SEHAT;PM2,5;Jagakarsa;-6.3346;106.8232
09/11/2022;DKI4;64;96;51;25;41;47;96;SEDANG;PM2,5;Lubang Buaya;-6.2907;106.9035
10/11/2022;DKI3;53;76;51;18;29;30;76;SEDANG;PM2,5;Jagakarsa;-6.3346;106.8232
11/11/2022;DKI4;46;71;51;19;31;25;71;SEDANG;PM2,5;Lubang Buaya;-6.2907;106.9035
12/11/2022;DKI3;40;61;51;11;36;18;61;SEDANG;PM2,5;Jagakarsa;-6.3346;106.8232
13/11/2022;DKI4;38;63;51;17;38;27;63;SEDANG;PM2,5;Lubang Buaya;-6.2907;106.9035
14/11/2022;DKI4;60;85;51;17;44;28;85;SEDANG;PM2,5;Lubang Buaya;-6.2907;106.9035
15/11/2022;DKI4;59;95;51;16;39;33;95;SEDANG;PM2,5;Lubang Buaya;-6.2907;106.9035
16/11/2022;DKI3;54;80;52;10;31;22;80;SEDANG;PM2,5;Jagakarsa;-6.3346;106.8232
17/11/2022;DKI4;58;72;52;12;35;25;72;SEDANG;PM2,5;Lubang Buaya;-6.2907;106.9035
18/11/2022;DKI2;42;53;53;16;29;27;53;SEDANG;PM2,5;Kelapa Gading;-6.1589;106.905
19/11/2022;DKI4;47;77;56;12;27;24;77;SEDANG;PM2,5;Lubang Buaya;-6.2907;106.9035
20/11/2022;DKI4;34;51;51;7;30;12;51;SEDANG;PM2,5;Lubang Buaya;-6.2907;106.9035
21/11/2022;DKI3;40;62;51;11;29;19;62;SEDANG;PM2,5;Jagakarsa;-6.3346;106.8232
22/11/2022;DKI3;46;72;51;10;26;15;72;SEDANG;PM2,5;Jagakarsa;-6.3346;106.8232
23/11/2022;DKI3;50;71;52;11;29;23;71;SEDANG;PM2,5;Jagakarsa;-6.3346;106.8232
24/11/2022;DKI4;51;66;52;10;34;24;66;SEDANG;PM2,5;Lubang Buaya;-6.2907;106.9035
25/11/2022;DKI4;52;77;52;15;38;26;77;SEDANG;PM2,5;Lubang Buaya;-6.2907;106.9035
26/11/2022;DKI4;80;131;51;20;42;45;131;TIDAK SEHAT;PM2,5;Lubang Buaya;-6.2907;106.9035
27/11/2022;DKI4;74;112;52;24;37;36;112;TIDAK SEHAT;PM2,5;Lubang Buaya;-6.2907;106.9035
28/11/2022;DKI4;59;83;51;14;50;31;83;SEDANG;PM2,5;Lubang Buaya;-6.2907;106.9035
29/11/2022;DKI4;53;73;51;22;48;32;73;SEDANG;PM2,5;Lubang Buaya;-6.2907;106.9035
30/11/2022;DKI4;65;97;52;13;40;31;97;SEDANG;PM2,5;Lubang Buaya;-6.2907;106.9035
01/12/2022;DKI4;64;93;52;17;50;31;93;SEDANG;PM2,5;Lubang Buaya;-6.2907;106.9035
02/12/2022;DKI4;60;94;52;18;42;30;94;SEDANG;PM2,5;Lubang Buaya;-6.2907;106.9035
03/12/2022;DKI4;60;100;52;16;49;31;100;SEDANG;PM2,5;Lubang Buaya;-6.2907;106.9035
04/12/2022;DKI4;65;95;52;19;45;34;95;SEDANG;PM2,5;Lubang Buaya;-6.2907;106.9035
05/12/2022;DKI4;74;117;52;19;48;33;117;TIDAK SEHAT;PM2,5;Lubang Buaya;-6.2907;106.9035
06/12/2022;DKI4;70;107;49;24;41;44;107;TIDAK SEHAT;PM2,5;Lubang Buaya;-6.2907;106.9035
07/12/2022;DKI4;53;88;52;21;37;40;88;SEDANG;PM2,5;Lubang Buaya;-6.2907;106.9035
08/12/2022;DKI4;51;85;52;16;47;35;85;SEDANG;PM2,5;Lubang Buaya;-6.2907;106.9035
09/12/2022;DKI3;59;94;51;21;31;41;94;SEDANG;PM2,5;Jagakarsa;-6.3346;106.8232
10/12/2022;DKI4;42;72;52;27;29;35;72;SEDANG;PM2,5;Lubang Buaya;-6.2907;106.9035
11/12/2022;DKI4;44;72;52;20;31;32;72;SEDANG;PM2,5;Lubang Buaya;-6.2907;106.9035
12/12/2022;DKI4;37;62;51;10;32;22;62;SEDANG;PM2,5;Lubang Buaya;-6.2907;106.9035
13/12/2022;DKI3;47;71;51;13;28;23;71;SEDANG;PM2,5;Jagakarsa;-6.3346;106.8232
14/12/2022;DKI3;46;71;51;10;30;17;71;SEDANG;PM2,5;Jagakarsa;-6.3346;106.8232
15/12/2022;DKI4;28;60;52;10;29;23;60;SEDANG;PM2,5;Lubang Buaya;-6.2907;106.9035
16/12/2022;DKI4;56;83;52;12;28;30;83;SEDANG;PM2,5;Lubang Buaya;-6.2907;106.9035
17/12/2022;DKI4;65;98;52;30;38;45;98;SEDANG;PM2,5;Lubang Buaya;-6.2907;106.9035
18/12/2022;DKI4;64;96;52;26;46;45;96;SEDANG;PM2,5;Lubang Buaya;-6.2907;106.9035
19/12/2022;DKI4;64;99;57;28;39;48;99;SEDANG;PM2,5;Lubang Buaya;-6.2907;106.9035
20/12/2022;DKI4;85;154;54;23;29;47;154;TIDAK SEHAT;PM2,5;Lubang Buaya;-6.2907;106.9035
21/12/2022;DKI3;57;86;62;45;27;32;86;SEDANG;PM2,5;Jagakarsa;-6.3346;106.8232
22/12/2022;DKI4;49;65;59;49;23;24;65;SEDANG;PM2,5;Lubang Buaya;-6.2907;106.9035
23/12/2022;DKI2;31;40;57;38;24;18;57;SEDANG;SO2;Kelapa Gading;-6.1589;106.905
24/12/2022;DKI3;58;92;57;55;26;24;92;SEDANG;PM2,5;Jagakarsa;-6.3346;106.8232
25/12/2022;DKI2;42;56;57;45;25;18;57;SEDANG;SO2;Kelapa Gading;-6.1589;106.905
26/12/2022;DKI2;43;62;58;54;25;27;62;SEDANG;PM2,5;Kelapa Gading;-6.1589;106.905
27/12/2022;DKI2;36;47;58;42;20;18;58;SEDANG;SO2;Kelapa Gading;-6.1589;106.905
28/12/2022;DKI3;46;66;57;41;15;19;66;SEDANG;PM2,5;Jagakarsa;-6.3346;106.8232
29/12/2022;DKI2;23;50;57;12;16;15;57;SEDANG;SO2;Kelapa Gading;-6.1589;106.905
30/12/2022;DKI4;40;64;57;21;17;24;64;SEDANG;PM2,5;Lubang Buaya;-6.2907;106.9035
